{
  "configVersion": 1,
  "timestamp": 1689826358712,
  "index": "/index.html",
  "assetGroups": [
    {
      "name": "app",
      "installMode": "prefetch",
      "updateMode": "prefetch",
      "cacheQueryOptions": {
        "ignoreVary": true
      },
      "urls": [
        "/500.71530b05ad357991.js",
        "/favicon.ico",
        "/index.html",
        "/main.40d3e531aaaf5a3f.js",
        "/manifest.webmanifest",
        "/polyfills.f02ca8f8ba729291.js",
        "/runtime.837dd6c85a34aee8.js",
        "/styles.829c05db15d5e733.css"
      ],
      "patterns": []
    },
    {
      "name": "assets",
      "installMode": "lazy",
      "updateMode": "prefetch",
      "cacheQueryOptions": {
        "ignoreVary": true
      },
      "urls": [
        "/assets/ISOLOGO NEGRO.png",
        "/assets/icons/favicon-16x16.png",
        "/assets/icons/favicon-180x180.png",
        "/assets/icons/favicon-192x192.png",
        "/assets/icons/favicon-32x32.png",
        "/assets/icons/favicon-512x512.png",
        "/assets/icons/icon-128x128.png",
        "/assets/icons/icon-144x144.png",
        "/assets/icons/icon-152x152.png",
        "/assets/icons/icon-192x192.png",
        "/assets/icons/icon-384x384.png",
        "/assets/icons/icon-512x512.png",
        "/assets/icons/icon-72x72.png",
        "/assets/icons/icon-96x96.png",
        "/assets/icons/lashroom.png",
        "/assets/icons/mstile-150x150.png"
      ],
      "patterns": []
    }
  ],
  "dataGroups": [],
  "hashTable": {
    "/500.71530b05ad357991.js": "fb5e125adc5b12a431f9d06de33869dfba72bf62",
    "/assets/ISOLOGO NEGRO.png": "c76999d5fd8d0a7d41193b76eb24b1a09f03e6d3",
    "/assets/icons/favicon-16x16.png": "b379f0a6074d5b0bec3ee501976cc691b5dde26f",
    "/assets/icons/favicon-180x180.png": "87714e8a03b7ecd31746ac99b102a2f7d0b86b7f",
    "/assets/icons/favicon-192x192.png": "bae14668b541a5bd1f0d9ad7c2d66d8c60dba0de",
    "/assets/icons/favicon-32x32.png": "d8169d4374207d8e569e9d415ee2b9168b591153",
    "/assets/icons/favicon-512x512.png": "27698b6cf639fc94c36d844658f24fa5e83bf315",
    "/assets/icons/icon-128x128.png": "b1f06c7d714abb4a0cc4d1f7c954feb26826e4c4",
    "/assets/icons/icon-144x144.png": "96a0d629765c1bc85d9263c6bc83094ca776d267",
    "/assets/icons/icon-152x152.png": "b1fbbee3902eb96a7658e3bb006f31f78ca5a44c",
    "/assets/icons/icon-192x192.png": "e4211163bf0911688fbfb80278d8ff4d2f77691d",
    "/assets/icons/icon-384x384.png": "329749cd6393768d3131ed6304c136b1ca05f2fd",
    "/assets/icons/icon-512x512.png": "559d9c4318b45a1f2b10596bbb4c960fe521dbcc",
    "/assets/icons/icon-72x72.png": "279825a1ac4377032ae996a1832c641e33ccf1b6",
    "/assets/icons/icon-96x96.png": "592885efcbfee27e5e20be4fa3043589390d2740",
    "/assets/icons/lashroom.png": "c76999d5fd8d0a7d41193b76eb24b1a09f03e6d3",
    "/assets/icons/mstile-150x150.png": "dd755bffbb214405937072bccdf0f420fd4bf661",
    "/favicon.ico": "7172eba6e1a0e989bd6c2c1e731e16e533ebeb7f",
    "/index.html": "a4fd976f21a81217a5e836795ff2f319fe1c13b1",
    "/main.40d3e531aaaf5a3f.js": "688ca6781c17f9ff52e60df6a11338ebd4758f15",
    "/manifest.webmanifest": "45795668f2ff4763b71c6a532b98177e2fa28abb",
    "/polyfills.f02ca8f8ba729291.js": "32b06ad6f23614e8223aba695053c326bb8d0cb6",
    "/runtime.837dd6c85a34aee8.js": "5869063b79fd43f8ceea134365550b5888791554",
    "/styles.829c05db15d5e733.css": "4693b9f11c614f7730a6cd7ee639783ee744abb6"
  },
  "navigationUrls": [
    {
      "positive": true,
      "regex": "^\\/.*$"
    },
    {
      "positive": false,
      "regex": "^\\/(?:.+\\/)?[^/]*\\.[^/]*$"
    },
    {
      "positive": false,
      "regex": "^\\/(?:.+\\/)?[^/]*__[^/]*$"
    },
    {
      "positive": false,
      "regex": "^\\/(?:.+\\/)?[^/]*__[^/]*\\/.*$"
    }
  ],
  "navigationRequestStrategy": "performance"
}